date,or_week,cn_share,us_share,spi,total_tokens
2026-07-12,2026-07-06,0.5673,0.3374,1.682,49279352975752
2026-07-12,2026-07-06,0.5673,0.3374,1.682,49279352975752
2026-07-12,2026-07-06,0.5678,0.337,1.685,49754831336746
2026-07-12,2026-07-06,0.5699,0.3355,1.699,52145866018074
2026-07-13,2026-07-06,0.57,0.3353,1.7,52474748064801
2026-07-13,2026-07-13,0.6013,0.3233,1.86,1299219426211
2026-07-13,2026-07-13,0.5989,0.3298,1.816,2805440264995
2026-07-13,2026-07-13,0.5947,0.3356,1.772,4391279047738
2026-07-13,2026-07-13,0.5923,0.3381,1.752,5809893413370
2026-07-13,2026-07-13,0.5924,0.3377,1.754,6442896684517
2026-07-13,2026-07-13,0.5922,0.3367,1.759,7361895212225
2026-07-13,2026-07-13,0.5919,0.3363,1.76,7967488304005
2026-07-13,2026-07-13,0.5919,0.3363,1.76,7985311394065
2026-07-13,2026-07-13,0.5919,0.3363,1.76,8326720805367
2026-07-14,2026-07-13,0.5938,0.3346,1.774,10114572833851
2026-07-14,2026-07-13,0.5952,0.3337,1.784,11160257722939
2026-07-14,2026-07-13,0.5947,0.3344,1.778,11964645139464
2026-07-14,2026-07-13,0.5941,0.3352,1.772,13361571401322
2026-07-14,2026-07-13,0.595,0.3342,1.78,14421026707846
2026-07-14,2026-07-13,0.5953,0.3339,1.783,14833189384855
2026-07-14,2026-07-13,0.5959,0.3331,1.789,15346650100658
2026-07-14,2026-07-13,0.5962,0.3327,1.792,15943153358649
2026-07-14,2026-07-13,0.5968,0.3319,1.798,16705095685337
2026-07-14,2026-07-13,0.5969,0.3317,1.799,16896578552772
2026-07-14,2026-07-13,0.5974,0.3312,1.804,17642198957112
2026-07-14,2026-07-13,0.5974,0.3311,1.804,17723139365609
2026-07-15,2026-07-13,0.5976,0.331,1.806,19084697605431
2026-07-15,2026-07-13,0.5983,0.3308,1.809,20571546275220
2026-07-15,2026-07-13,0.5987,0.331,1.809,21727914889224
2026-07-15,2026-07-13,0.5993,0.3306,1.813,22644503506937
2026-07-15,2026-07-13,0.6,0.3298,1.819,23685720387572
2026-07-15,2026-07-13,0.6003,0.3294,1.822,24267613768853
2026-07-15,2026-07-13,0.6007,0.3289,1.826,24946107764678
2026-07-15,2026-07-13,0.6009,0.3286,1.829,25405250963814
2026-07-15,2026-07-13,0.6011,0.3279,1.833,26565508575701
2026-07-15,2026-07-13,0.6014,0.3274,1.837,27073827127507
2026-07-15,2026-07-13,0.6016,0.3271,1.839,27438374888834
2026-07-16,2026-07-13,0.6021,0.3268,1.842,28994669972378
2026-07-16,2026-07-13,0.6025,0.3266,1.845,29782181160063
2026-07-16,2026-07-13,0.6021,0.3272,1.84,31428730552304
2026-07-16,2026-07-13,0.6023,0.3271,1.841,32473189235356
2026-07-16,2026-07-13,0.6025,0.327,1.842,33168330211786
2026-07-16,2026-07-13,0.6025,0.3269,1.843,33890902729604
2026-07-16,2026-07-13,0.6027,0.3267,1.845,34466788950752
2026-07-16,2026-07-13,0.6029,0.3264,1.847,34992942515533
2026-07-16,2026-07-13,0.6029,0.3261,1.849,35479422282333
2026-07-16,2026-07-13,0.6024,0.3261,1.848,36372391515778
2026-07-16,2026-07-13,0.6022,0.326,1.847,36735262164061
2026-07-16,2026-07-13,0.6021,0.326,1.847,36989901379651
2026-07-17,2026-07-13,0.6017,0.3259,1.846,38479732786965
2026-07-17,2026-07-13,0.6017,0.3258,1.847,39387451130209
2026-07-17,2026-07-13,0.6015,0.326,1.845,40597864586147
2026-07-17,2026-07-13,0.6015,0.326,1.845,41962294757902
2026-07-17,2026-07-13,0.602,0.3253,1.851,43085377819558
2026-07-17,2026-07-13,0.602,0.3252,1.851,43303973692839
2026-07-17,2026-07-13,0.6021,0.325,1.852,43995509629580
2026-07-17,2026-07-13,0.6018,0.325,1.852,44652006965331
2026-07-17,2026-07-13,0.6019,0.3247,1.854,45281236676545
2026-07-17,2026-07-13,0.6016,0.3244,1.855,45824463615255
2026-07-17,2026-07-13,0.6015,0.3243,1.855,46145404547096
2026-07-17,2026-07-13,0.6015,0.3242,1.855,46209551793231
2026-07-17,2026-07-13,0.6015,0.3241,1.856,46548360580468
2026-07-17,2026-07-13,0.6014,0.3238,1.858,46952659851860
2026-07-18,2026-07-13,0.6016,0.323,1.863,48003013713351
2026-07-18,2026-07-13,0.6018,0.3225,1.866,48895177818610
2026-07-18,2026-07-13,0.602,0.3222,1.869,49513673866056
2026-07-18,2026-07-13,0.6021,0.322,1.87,49997863849583
2026-07-18,2026-07-13,0.6027,0.3213,1.876,50856128885905
2026-07-18,2026-07-13,0.6032,0.3208,1.88,51359900538815
2026-07-18,2026-07-13,0.6058,0.3173,1.909,54338969645165
2026-07-19,2026-07-13,0.6062,0.3166,1.915,54831880253066
2026-07-19,2026-07-13,0.6069,0.3153,1.925,56000613397851
2026-07-19,2026-07-13,0.6073,0.3148,1.93,56682586220454
2026-07-19,2026-07-13,0.6073,0.3148,1.93,56682586220454
2026-07-19,2026-07-13,0.6079,0.314,1.936,57433691835917
2026-07-19,2026-07-13,0.6087,0.313,1.944,58179065149428
2026-07-19,2026-07-13,0.6091,0.3125,1.949,58682558896382
2026-07-19,2026-07-13,0.6105,0.3103,1.967,61022548533901
2026-07-19,2026-07-13,0.6109,0.3096,1.973,61879005712149
2026-07-20,2026-07-13,0.6109,0.3094,1.974,62137978316666
2026-07-20,2026-07-20,0.6194,0.281,2.205,1156472829294
2026-07-20,2026-07-20,0.6203,0.284,2.184,2055562474122
2026-07-20,2026-07-20,0.6133,0.2918,2.102,3099870409922
2026-07-20,2026-07-20,0.6094,0.2949,2.066,3560134022354
2026-07-20,2026-07-20,0.6065,0.2971,2.041,3980267862087
2026-07-20,2026-07-20,0.6286,0.2767,2.271,5358204929267
2026-07-20,2026-07-20,0.618,0.2881,2.145,6455260850616
2026-07-20,2026-07-20,0.6145,0.289,2.126,7399355838134
2026-07-20,2026-07-20,0.6122,0.2893,2.116,7868755507293
2026-07-20,2026-07-20,0.6104,0.2895,2.109,8155828441240
2026-07-21,2026-07-20,0.6037,0.2918,2.069,9491768514423
2026-07-21,2026-07-20,0.598,0.2962,2.019,10473521471947
2026-07-21,2026-07-20,0.5947,0.3,1.983,11370021023580
2026-07-21,2026-07-20,0.5918,0.3032,1.952,12258058171779
2026-07-21,2026-07-20,0.5897,0.305,1.933,13209186597164
2026-07-21,2026-07-20,0.5897,0.305,1.933,13209186597164
2026-07-21,2026-07-20,0.5892,0.3054,1.929,13350860727417
2026-07-21,2026-07-20,0.5883,0.3061,1.922,13701767591685
2026-07-21,2026-07-20,0.5862,0.3072,1.908,14418858604729
2026-07-21,2026-07-20,0.5842,0.3071,1.902,14932528414550
2026-07-21,2026-07-20,0.5821,0.3067,1.898,15412096611868
2026-07-21,2026-07-20,0.5785,0.3075,1.882,15959234459093
2026-07-21,2026-07-20,0.5762,0.3076,1.873,16399642048323
2026-07-22,2026-07-20,0.5738,0.3071,1.869,17770318742274
2026-07-22,2026-07-20,0.5738,0.3057,1.877,18881352334526
2026-07-22,2026-07-20,0.573,0.3045,1.882,20217647808114
2026-07-22,2026-07-20,0.5724,0.3042,1.881,20868667077701
2026-07-22,2026-07-20,0.5704,0.3042,1.875,22187073557546
2026-07-22,2026-07-20,0.5699,0.3043,1.873,22510261133159
2026-07-22,2026-07-20,0.5686,0.3047,1.866,23297620603185
2026-07-22,2026-07-20,0.5674,0.3053,1.858,23800879485348
2026-07-22,2026-07-20,0.5665,0.3053,1.856,24425270889443
2026-07-22,2026-07-20,0.5658,0.3052,1.854,24908910173423
2026-07-22,2026-07-20,0.5654,0.3051,1.853,25173221275361
2026-07-22,2026-07-20,0.5652,0.3051,1.852,25269224576154
2026-07-23,2026-07-20,0.5633,0.3055,1.844,27039590483551
2026-07-23,2026-07-20,0.5633,0.305,1.847,27766053703037
2026-07-23,2026-07-20,0.5633,0.3047,1.849,29184069238918
2026-07-23,2026-07-20,0.5631,0.3047,1.848,29768204537583
2026-07-23,2026-07-20,0.5625,0.305,1.844,30971505794170
2026-07-23,2026-07-20,0.5621,0.3051,1.842,31443518058151
2026-07-23,2026-07-20,0.5617,0.3052,1.84,32184105016258
2026-07-23,2026-07-20,0.5614,0.3053,1.839,32665461891186
2026-07-23,2026-07-20,0.5611,0.3053,1.838,33276622702750
2026-07-23,2026-07-20,0.5608,0.3053,1.837,33626135510066
2026-07-23,2026-07-20,0.5604,0.3055,1.835,34122809719426
2026-07-23,2026-07-20,0.5604,0.3055,1.835,34122809719426
2026-07-24,2026-07-20,0.56,0.3057,1.832,35613891024944
2026-07-24,2026-07-20,0.5607,0.3052,1.837,36856582559871
2026-07-24,2026-07-20,0.5619,0.3044,1.846,37992920163529
2026-07-24,2026-07-20,0.5618,0.3042,1.847,38630457906930
2026-07-24,2026-07-20,0.5617,0.3035,1.851,39759054290668
2026-07-24,2026-07-20,0.5617,0.3035,1.851,39759054290668
2026-07-24,2026-07-20,0.5616,0.3031,1.853,40560197541614
2026-07-24,2026-07-20,0.5613,0.303,1.853,41418490545317
2026-07-24,2026-07-20,0.5609,0.303,1.851,41984558749055
2026-07-24,2026-07-20,0.5607,0.303,1.85,42142867017075
2026-07-24,2026-07-20,0.56,0.3031,1.847,42822216651151
2026-07-24,2026-07-20,0.5599,0.3031,1.847,42986811134172
2026-07-25,2026-07-20,0.5596,0.3026,1.849,44288787515407
2026-07-25,2026-07-20,0.5598,0.3024,1.851,45026432325442
2026-07-25,2026-07-20,0.56,0.3022,1.853,45794947558532
2026-07-25,2026-07-20,0.5608,0.3014,1.861,46615834179590
2026-07-25,2026-07-20,0.5614,0.3006,1.867,47477451401688
2026-07-25,2026-07-20,0.5622,0.2989,1.881,50229104337164
2026-07-26,2026-07-20,0.5626,0.2984,1.886,51519409721055
2026-07-26,2026-07-20,0.5629,0.298,1.889,52210544021596
2026-07-26,2026-07-20,0.5634,0.2975,1.894,52940299462335
2026-07-26,2026-07-20,0.5642,0.2967,1.902,53823425474073
2026-07-26,2026-07-20,0.5647,0.296,1.908,54642249133149
2026-07-26,2026-07-20,0.5663,0.2941,1.925,57546760608505
2026-07-27,2026-07-27,0.6085,0.2627,2.316,1028736232101
2026-07-27,2026-07-27,0.6113,0.2608,2.344,2279201205167
2026-07-27,2026-07-27,0.6086,0.2625,2.318,4021930308034
2026-07-27,2026-07-27,0.6034,0.2657,2.271,4989088253352
2026-07-27,2026-07-27,0.601,0.2681,2.242,5691855166287
2026-07-27,2026-07-27,0.5977,0.2701,2.213,6452253957559
2026-07-27,2026-07-27,0.5958,0.2711,2.197,6952874883699
2026-07-27,2026-07-27,0.5904,0.273,2.162,7856492914620
2026-07-27,2026-07-27,0.5899,0.2732,2.159,8022324028651
2026-07-27,2026-07-27,0.5882,0.2736,2.15,8478421617626
2026-07-28,2026-07-27,0.5875,0.272,2.159,9842566593894
2026-07-28,2026-07-27,0.5898,0.2701,2.184,10890153080442
2026-07-28,2026-07-27,0.5921,0.2678,2.211,12038493334378
2026-07-28,2026-07-27,0.5919,0.2674,2.213,13069834759314
2026-07-28,2026-07-27,0.5914,0.2672,2.213,14385025901928
2026-07-28,2026-07-27,0.5874,0.27,2.175,15346437259735
2026-07-28,2026-07-27,0.5866,0.2706,2.168,15542395674255
2026-07-28,2026-07-27,0.5821,0.2733,2.13,16427975841095
2026-07-28,2026-07-27,0.5784,0.2751,2.103,16981874689169
2026-07-28,2026-07-27,0.5755,0.2763,2.083,17390600247226
2026-07-29,2026-07-27,0.57,0.2782,2.049,18609792563998
2026-07-29,2026-07-27,0.5671,0.2796,2.028,19696169321498
2026-07-29,2026-07-27,0.5665,0.2795,2.027,20708469780855
2026-07-29,2026-07-27,0.5645,0.2806,2.012,21655653615742
2026-07-29,2026-07-27,0.5624,0.2819,1.995,22452466320432
2026-07-29,2026-07-27,0.5608,0.2833,1.979,23281849421905
2026-07-29,2026-07-27,0.5598,0.2842,1.97,23733999961298
2026-07-29,2026-07-27,0.5586,0.2851,1.96,24148303112505
2026-07-29,2026-07-27,0.5561,0.2867,1.939,24903174325452
2026-07-29,2026-07-27,0.5549,0.2875,1.93,25236138208202
2026-07-29,2026-07-27,0.5537,0.2884,1.92,25589175862285
2026-07-30,2026-07-27,0.5518,0.2897,1.904,26596025128673
2026-07-30,2026-07-27,0.5511,0.2899,1.901,27655628992140
2026-07-30,2026-07-27,0.5503,0.2903,1.896,28639212718362
2026-07-30,2026-07-27,0.5493,0.2908,1.889,29543253845394
2026-07-30,2026-07-27,0.5477,0.292,1.876,30836485983931
2026-07-30,2026-07-27,0.5471,0.2923,1.872,31182166258167
2026-07-30,2026-07-27,0.5464,0.2929,1.866,31640525577346
2026-07-30,2026-07-27,0.5448,0.2943,1.851,32577823816579
2026-07-30,2026-07-27,0.5443,0.2949,1.846,32870872052796
2026-07-30,2026-07-27,0.543,0.2963,1.833,33518330357130
2026-07-30,2026-07-27,0.5419,0.2971,1.824,33970367018836
2026-07-31,2026-07-27,0.5398,0.2991,1.805,35329234627682
2026-07-31,2026-07-27,0.5382,0.3004,1.792,36342404447137
2026-07-31,2026-07-27,0.537,0.3014,1.781,37349211286746
2026-07-31,2026-07-27,0.5355,0.3027,1.769,38538007971806
2026-07-31,2026-07-27,0.5345,0.3036,1.76,39205248516285
2026-07-31,2026-07-27,0.5331,0.3049,1.749,40286215592039
2026-07-31,2026-07-27,0.5321,0.3058,1.74,40727010843803
2026-07-31,2026-07-27,0.5311,0.3068,1.731,41185869412612
2026-07-31,2026-07-27,0.5296,0.3081,1.719,41806699695873
2026-07-31,2026-07-27,0.5288,0.3089,1.712,42127699305702
2026-08-01,2026-07-27,0.5274,0.3104,1.699,43311318898208
2026-08-01,2026-07-27,0.5269,0.311,1.694,44218894676645
2026-08-01,2026-07-27,0.5265,0.3115,1.69,45003982052926
2026-08-01,2026-07-27,0.5261,0.3116,1.688,45729097529712
2026-08-01,2026-07-27,0.5258,0.3118,1.686,46452608725014
2026-08-01,2026-07-27,0.5258,0.3119,1.686,46538962571944
2026-08-01,2026-07-27,0.5255,0.3121,1.684,47174552357866
2026-08-01,2026-07-27,0.5255,0.3121,1.684,47174552357866
2026-08-01,2026-07-27,0.5253,0.3123,1.682,47528403868640
2026-08-01,2026-07-27,0.5248,0.3127,1.678,48027005924723
2026-08-01,2026-07-27,0.5244,0.313,1.675,48470000580822
2026-08-01,2026-07-27,0.5239,0.3133,1.672,48964984242592
2026-08-01,2026-07-27,0.5235,0.3136,1.669,49286847742797
2026-08-02,2026-07-27,0.5232,0.3139,1.667,49555250259983
2026-08-02,2026-07-27,0.5226,0.3144,1.662,50604409675255
2026-08-02,2026-07-27,0.5222,0.3147,1.659,51567308072020
2026-08-02,2026-07-27,0.5222,0.3148,1.659,52116249642842
2026-08-02,2026-07-27,0.5222,0.3149,1.658,52923087152679
2026-08-02,2026-07-27,0.5221,0.315,1.658,53344036786330
2026-08-02,2026-07-27,0.522,0.3151,1.657,53833486073265
2026-08-02,2026-07-27,0.522,0.3152,1.656,54202023562410
2026-08-02,2026-07-27,0.5217,0.3155,1.653,54906739864836
2026-08-02,2026-07-27,0.5216,0.3157,1.652,55251766854633
2026-08-02,2026-07-27,0.5214,0.3158,1.651,55632206742558
2026-08-02,2026-07-27,0.5213,0.316,1.65,55979140873610
2026-08-02,2026-07-27,0.521,0.3163,1.648,56505811624493
2026-08-03,2026-08-03,0.524,0.3345,1.566,1161230734963
2026-08-03,2026-08-03,0.5323,0.3337,1.595,2310257813144
2026-08-03,2026-08-03,0.5357,0.3342,1.603,3896837812046
2026-08-03,2026-08-03,0.5253,0.3428,1.532,5611775068510
2026-08-03,2026-08-03,0.5253,0.3428,1.532,5611775068510
2026-08-03,2026-08-03,0.5178,0.3479,1.488,6823832050464
2026-08-03,2026-08-03,0.5131,0.3505,1.464,7589854151646
2026-08-03,2026-08-03,0.5118,0.3513,1.457,7794573156495
2026-08-03,2026-08-03,0.5081,0.3535,1.438,8587941526785
2026-08-03,2026-08-03,0.5081,0.3535,1.438,8587941526785
2026-08-04,2026-08-03,0.5118,0.3496,1.464,10408245806004
2026-08-04,2026-08-03,0.5173,0.3449,1.5,11735173168352
2026-08-04,2026-08-03,0.5205,0.3427,1.519,12822296781330
2026-08-04,2026-08-03,0.5205,0.3425,1.519,13987330742931
2026-08-04,2026-08-03,0.5187,0.3442,1.507,15345644698509
2026-08-04,2026-08-03,0.5192,0.3443,1.508,16107053854299
2026-08-04,2026-08-03,0.5186,0.3449,1.504,16849099357105
2026-08-04,2026-08-03,0.5168,0.3464,1.492,17963354992617
2026-08-04,2026-08-03,0.5163,0.3468,1.489,18537565010815
2026-08-04,2026-08-03,0.5162,0.3469,1.488,18795039518863
2026-08-05,2026-08-03,0.5169,0.3464,1.492,20282915629217
2026-08-05,2026-08-03,0.5176,0.3472,1.491,21713731391780
2026-08-05,2026-08-03,0.5174,0.3484,1.485,22795990414563
2026-08-05,2026-08-03,0.515,0.3508,1.468,24000464116913
2026-08-05,2026-08-03,0.511,0.3541,1.443,25917925412745
2026-08-05,2026-08-03,0.5093,0.3559,1.431,26836406589575
2026-08-05,2026-08-03,0.5073,0.3576,1.419,27642847805398
2026-08-05,2026-08-03,0.5051,0.3597,1.404,28598054255487
2026-08-05,2026-08-03,0.5038,0.3609,1.396,29214638428939
2026-08-05,2026-08-03,0.5034,0.3613,1.394,29370479096517
2026-08-06,2026-08-03,0.5016,0.3634,1.38,31357191844734
2026-08-06,2026-08-03,0.5014,0.364,1.377,32709665260179
2026-08-06,2026-08-03,0.5019,0.3642,1.378,34208658530177
2026-08-06,2026-08-03,0.5011,0.3652,1.372,35383313854407
2026-08-06,2026-08-03,0.4995,0.3671,1.36,37057277907631
2026-08-07,2026-08-03,0.4945,0.3736,1.324,41210840592379
2026-08-07,2026-08-03,0.4945,0.3737,1.323,41269800522865
2026-08-07,2026-08-03,0.4946,0.3743,1.321,42687886300288
2026-08-07,2026-08-03,0.4946,0.3747,1.32,43376497995564
2026-08-07,2026-08-03,0.4953,0.3746,1.322,44270349403631
2026-08-07,2026-08-03,0.4967,0.3739,1.329,45217141008013
2026-08-07,2026-08-03,0.4971,0.3738,1.33,45662214276427
2026-08-07,2026-08-03,0.4971,0.3738,1.33,45662214276427
2026-08-07,2026-08-03,0.4976,0.3736,1.332,46667397477135
2026-08-07,2026-08-03,0.4978,0.3735,1.333,46882601688045
2026-08-07,2026-08-03,0.4986,0.3731,1.336,47706110835126
2026-08-07,2026-08-03,0.4989,0.3729,1.338,48092639236922
2026-08-07,2026-08-03,0.4991,0.3729,1.339,48638578440464
2026-08-07,2026-08-03,0.4993,0.3729,1.339,49071620352914
2026-08-07,2026-08-03,0.499,0.3732,1.337,50076591828414
2026-08-07,2026-08-03,0.499,0.3733,1.336,50182843748495
2026-08-07,2026-08-03,0.499,0.3734,1.336,50646526889983
2026-08-07,2026-08-03,0.4992,0.3734,1.337,51187137696552
2026-08-08,2026-08-03,0.5001,0.3727,1.342,52048818877242
2026-08-08,2026-08-03,0.5014,0.3717,1.349,52883819595502
2026-08-08,2026-08-03,0.502,0.3712,1.352,53264868776421
2026-08-08,2026-08-03,0.5026,0.3708,1.356,53704621798692
2026-08-08,2026-08-03,0.5038,0.3698,1.362,54534451492918
2026-08-08,2026-08-03,0.5038,0.3698,1.362,54550409494966
2026-08-08,2026-08-03,0.5044,0.3693,1.366,54943174914990
2026-08-08,2026-08-03,0.505,0.3688,1.369,55464450153429
2026-08-08,2026-08-03,0.5058,0.3683,1.373,56100489795419
2026-08-08,2026-08-03,0.5058,0.3683,1.373,56100489795419
2026-08-08,2026-08-03,0.5064,0.3679,1.376,56574924568552
2026-08-08,2026-08-03,0.5068,0.3675,1.379,56972275063114
2026-08-08,2026-08-03,0.5071,0.3673,1.381,57218716514516
2026-08-08,2026-08-03,0.5074,0.367,1.383,57812489414526
2026-08-08,2026-08-03,0.5077,0.3668,1.384,58242813072028
2026-08-08,2026-08-03,0.5078,0.3667,1.385,58504062006688
2026-08-08,2026-08-03,0.5078,0.3666,1.385,58908961880889
2026-08-08,2026-08-03,0.5078,0.3665,1.385,59187448457088
2026-08-08,2026-08-03,0.5078,0.3665,1.386,59643976577816
2026-08-08,2026-08-03,0.5078,0.3665,1.386,59643976577816
2026-08-09,2026-08-03,0.5088,0.3657,1.391,60827996683885
2026-08-09,2026-08-03,0.5098,0.3649,1.397,61434269657294
2026-08-09,2026-08-03,0.5111,0.3638,1.405,62362231638700
2026-08-09,2026-08-03,0.5119,0.3631,1.41,62987859909637
2026-08-09,2026-08-03,0.5126,0.3625,1.414,63559417818865
2026-08-09,2026-08-03,0.513,0.3623,1.416,63864437069115
2026-08-09,2026-08-03,0.5132,0.3621,1.417,64009747414021
2026-08-09,2026-08-03,0.5139,0.3616,1.421,64716531389279
2026-08-09,2026-08-03,0.514,0.3614,1.422,64837473877911
2026-08-09,2026-08-03,0.5146,0.361,1.425,65307599327713
2026-08-09,2026-08-03,0.5152,0.3606,1.429,65831181895877
2026-08-09,2026-08-03,0.5155,0.3603,1.431,66157967987553
2026-08-09,2026-08-03,0.5158,0.3601,1.432,66674447466883
2026-08-09,2026-08-03,0.5159,0.36,1.433,67090016676692
2026-08-09,2026-08-03,0.5159,0.36,1.433,67104264862853
2026-08-09,2026-08-03,0.516,0.36,1.433,67507403451083
2026-08-09,2026-08-03,0.516,0.36,1.433,68059271038413
2026-08-09,2026-08-03,0.516,0.36,1.433,68382079292174
2026-08-09,2026-08-03,0.516,0.36,1.433,68719651629033
2026-08-10,2026-08-10,0.6089,0.2854,2.133,780245414873
2026-08-10,2026-08-10,0.6205,0.2764,2.244,1737799284200
2026-08-10,2026-08-10,0.6203,0.2774,2.236,2364111238708
2026-08-10,2026-08-10,0.62,0.278,2.231,3515908794385
2026-08-10,2026-08-10,0.5946,0.3028,1.964,4321214389501
2026-08-10,2026-08-10,0.591,0.3056,1.934,4913120412920
2026-08-10,2026-08-10,0.5848,0.3105,1.883,5603416794147
2026-08-10,2026-08-10,0.5812,0.3137,1.853,6183238997967
2026-08-10,2026-08-10,0.5785,0.3164,1.828,6813941505252
2026-08-10,2026-08-10,0.5754,0.3185,1.806,7614938706714
2026-08-10,2026-08-10,0.5752,0.3186,1.805,7643680692149
2026-08-10,2026-08-10,0.5714,0.3208,1.781,8270732716788
2026-08-10,2026-08-10,0.5673,0.3235,1.753,9008940500235
2026-08-10,2026-08-10,0.5646,0.3255,1.734,9470328352750
2026-08-10,2026-08-10,0.5627,0.3269,1.721,9854167370322
2026-08-10,2026-08-10,0.5629,0.3267,1.723,9799877454233
2026-08-10,2026-08-10,0.5599,0.329,1.702,10510410806764
2026-08-11,2026-08-10,0.5588,0.3299,1.694,11152507172057
2026-08-11,2026-08-10,0.5626,0.3268,1.721,12271382356245
2026-08-11,2026-08-10,0.5637,0.3256,1.731,12988922464909
2026-08-11,2026-08-10,0.5638,0.326,1.73,13647399439455
2026-08-11,2026-08-10,0.5632,0.3271,1.722,14457331579385
2026-08-11,2026-08-10,0.5626,0.3279,1.716,15304370291664
2026-08-11,2026-08-10,0.5619,0.3285,1.711,15717798761440
2026-08-11,2026-08-10,0.5616,0.3287,1.708,15947291372876
2026-08-11,2026-08-10,0.5855,0.3045,1.923,16748619895445
2026-08-11,2026-08-10,0.5848,0.3054,1.915,17466735994642
2026-08-11,2026-08-10,0.5848,0.3054,1.915,17466735994642
2026-08-11,2026-08-10,0.5833,0.3078,1.895,18602473988118
2026-08-11,2026-08-10,0.5818,0.3094,1.881,19322693078382
2026-08-11,2026-08-10,0.5805,0.3105,1.87,19832014197899
2026-08-11,2026-08-10,0.5792,0.3118,1.858,20313210282495
2026-08-11,2026-08-10,0.578,0.313,1.847,20824265631237
2026-08-11,2026-08-10,0.578,0.313,1.846,20834833609343
2026-08-11,2026-08-10,0.577,0.3138,1.838,21366927554197
2026-08-12,2026-08-10,0.5762,0.3144,1.833,22192461748438
2026-08-12,2026-08-10,0.5777,0.313,1.845,23390313592893
2026-08-12,2026-08-10,0.5776,0.3131,1.844,23919469139388
2026-08-12,2026-08-10,0.5782,0.3131,1.847,25146955124254
2026-08-12,2026-08-10,0.5782,0.3133,1.845,25653986168624
2026-08-12,2026-08-10,0.576,0.3157,1.824,26884754104124
2026-08-12,2026-08-10,0.574,0.3177,1.806,27563858803940
2026-08-12,2026-08-10,0.5734,0.3183,1.801,27780416029169
2026-08-12,2026-08-10,0.5715,0.3201,1.785,28485367763662
2026-08-12,2026-08-10,0.5699,0.3219,1.771,29130827711835
2026-08-12,2026-08-10,0.5678,0.3235,1.755,29932937270458
2026-08-12,2026-08-10,0.5664,0.3249,1.743,30579888570985
2026-08-12,2026-08-10,0.5651,0.326,1.733,31095280198960
2026-08-12,2026-08-10,0.5641,0.3268,1.726,31505852306217
2026-08-12,2026-08-10,0.5632,0.3276,1.719,31881155135337
2026-08-12,2026-08-10,0.5626,0.3281,1.715,32328421739007
2026-08-12,2026-08-10,0.5623,0.3283,1.713,32515319709437
2026-08-13,2026-08-10,0.5614,0.3284,1.709,33621803147293
2026-08-13,2026-08-10,0.5623,0.3276,1.716,34827891649510
2026-08-13,2026-08-10,0.5623,0.3274,1.718,35455548808093
2026-08-13,2026-08-10,0.563,0.3268,1.723,36367752171068
2026-08-13,2026-08-10,0.5636,0.3265,1.726,37132877861998
2026-08-13,2026-08-10,0.5637,0.3263,1.728,38090933644241
2026-08-13,2026-08-10,0.5635,0.3263,1.727,38635908019299
2026-08-13,2026-08-10,0.5633,0.3264,1.726,39156101692786
2026-08-13,2026-08-10,0.5627,0.3269,1.721,39956256526882
2026-08-13,2026-08-10,0.562,0.3275,1.716,40652394973191
2026-08-13,2026-08-10,0.561,0.3283,1.709,41247373555362
2026-08-13,2026-08-10,0.5598,0.3293,1.7,41980299578625
2026-08-13,2026-08-10,0.5594,0.3296,1.697,42168864747093
2026-08-13,2026-08-10,0.5586,0.3303,1.691,42576358766017
2026-08-13,2026-08-10,0.5567,0.3321,1.676,43451963956820
2026-08-13,2026-08-10,0.5567,0.3321,1.676,43451963956820
2026-08-14,2026-08-10,0.5545,0.3341,1.66,45068937463021
2026-08-14,2026-08-10,0.5546,0.3341,1.66,45978089677567
2026-08-14,2026-08-10,0.5545,0.3342,1.659,46461135451479
2026-08-14,2026-08-10,0.5547,0.3342,1.66,47691113508412
2026-08-14,2026-08-10,0.5547,0.3345,1.658,48448837633348
2026-08-14,2026-08-10,0.5541,0.3352,1.653,49574540811701
2026-08-14,2026-08-10,0.5538,0.3354,1.651,50025211536384
2026-08-14,2026-08-10,0.5536,0.3356,1.65,50302266142834
2026-08-14,2026-08-10,0.5531,0.3361,1.646,51259137260571
2026-08-14,2026-08-10,0.5528,0.3365,1.643,51692461426102
2026-08-14,2026-08-10,0.5523,0.337,1.639,52510488739912
2026-08-14,2026-08-10,0.5522,0.3371,1.638,52655938404728
2026-08-14,2026-08-10,0.5516,0.3377,1.633,53413038927176
2026-08-14,2026-08-10,0.5513,0.3379,1.631,53741266269289
2026-08-14,2026-08-10,0.5509,0.3383,1.629,54209867827526
2026-08-14,2026-08-10,0.5509,0.3383,1.629,54209867827526
2026-08-14,2026-08-10,0.5504,0.3387,1.625,54751961662122
2026-08-14,2026-08-10,0.5502,0.3389,1.623,55013165101828
2026-08-15,2026-08-10,0.5496,0.3392,1.62,56026484294094
2026-08-15,2026-08-10,0.5495,0.3391,1.62,56552736006823
2026-08-15,2026-08-10,0.5494,0.3391,1.62,56878646255148
2026-08-15,2026-08-10,0.5494,0.3391,1.62,56878646255148
2026-08-15,2026-08-10,0.5492,0.3391,1.619,57261853394675
2026-08-15,2026-08-10,0.549,0.3391,1.619,57987684919272
2026-08-15,2026-08-10,0.549,0.3391,1.619,58071348670863
2026-08-15,2026-08-10,0.5491,0.339,1.62,58486172847945
2026-08-15,2026-08-10,0.5493,0.3388,1.621,58972468747747
2026-08-15,2026-08-10,0.5492,0.3388,1.621,59386180506791
2026-08-15,2026-08-10,0.5492,0.3388,1.621,59476998182052
2026-08-15,2026-08-10,0.5491,0.3387,1.621,59952183174284
2026-08-15,2026-08-10,0.549,0.3387,1.621,60520024258065
2026-08-15,2026-08-10,0.549,0.3387,1.621,60520024258065
2026-08-15,2026-08-10,0.5487,0.339,1.619,61338262314318
2026-08-15,2026-08-10,0.524,0.3637,1.441,61801580571876
2026-08-15,2026-08-10,0.5237,0.364,1.439,62244750697475
2026-08-15,2026-08-10,0.5233,0.3645,1.436,62704724127994
2026-08-15,2026-08-10,0.5232,0.3645,1.435,62746723189392
2026-08-15,2026-08-10,0.5229,0.3649,1.433,63024059862898
2026-08-15,2026-08-10,0.5224,0.3654,1.43,63518731054936
2026-08-15,2026-08-10,0.5214,0.3664,1.423,64290859247194
2026-08-15,2026-08-10,0.5207,0.367,1.419,64744500164557
2026-08-16,2026-08-10,0.52,0.3676,1.414,65487756053852
2026-08-16,2026-08-10,0.5196,0.3679,1.412,65941030384377
2026-08-16,2026-08-10,0.5193,0.3683,1.41,66384533324231
2026-08-16,2026-08-10,0.519,0.3686,1.408,66725868095568
2026-08-16,2026-08-10,0.5182,0.3695,1.403,67372668973851
2026-08-16,2026-08-10,0.5184,0.3694,1.403,67812030700611
2026-08-16,2026-08-10,0.5184,0.3694,1.403,67903854373869
2026-08-16,2026-08-10,0.5184,0.3694,1.403,68408760447753
2026-08-16,2026-08-10,0.5184,0.3695,1.403,68914169450114
2026-08-16,2026-08-10,0.5183,0.3697,1.402,69380009872006
2026-08-16,2026-08-10,0.5181,0.37,1.4,70006141462713
2026-08-16,2026-08-10,0.5181,0.37,1.4,69967911417374
2026-08-16,2026-08-10,0.518,0.3703,1.399,70561302442698
2026-08-16,2026-08-10,0.5178,0.3706,1.397,71109773728413
2026-08-16,2026-08-10,0.5176,0.3708,1.396,71622718842532
2026-08-16,2026-08-10,0.5175,0.3711,1.395,72195850673131
2026-08-16,2026-08-10,0.5175,0.3711,1.394,72271915764633
2026-08-16,2026-08-10,0.5172,0.3715,1.392,72786666653983
2026-08-16,2026-08-10,0.5167,0.3721,1.389,73393257335878
2026-08-16,2026-08-10,0.5162,0.3728,1.385,73941535754942
2026-08-16,2026-08-10,0.5157,0.3734,1.381,74407578731522
2026-08-16,2026-08-10,0.5152,0.374,1.377,74897562486640
2026-08-17,2026-08-17,0.4988,0.4136,1.206,649130711705
2026-08-17,2026-08-17,0.5211,0.3898,1.337,1086751726305
2026-08-17,2026-08-17,0.5425,0.3685,1.472,1999186469461
2026-08-17,2026-08-17,0.5458,0.3656,1.493,2725161361860
2026-08-17,2026-08-17,0.5529,0.3594,1.538,3583719492383
2026-08-17,2026-08-17,0.5574,0.357,1.562,4532107684688
2026-08-17,2026-08-17,0.5589,0.3563,1.569,5115484565523
2026-08-17,2026-08-17,0.559,0.3563,1.569,5203381383391
2026-08-17,2026-08-17,0.5763,0.3382,1.704,5811162962676
2026-08-17,2026-08-17,0.5753,0.339,1.697,6589206227995
2026-08-17,2026-08-17,0.5747,0.3396,1.692,7315014401592
2026-08-17,2026-08-17,0.5748,0.3396,1.692,7966468160638
2026-08-17,2026-08-17,0.5745,0.3398,1.69,8634393000907
2026-08-17,2026-08-17,0.5745,0.3398,1.691,8646289614558
2026-08-17,2026-08-17,0.5751,0.3392,1.695,9324673220243
2026-08-17,2026-08-17,0.574,0.3399,1.689,9775026708439
2026-08-17,2026-08-17,0.5743,0.3397,1.69,9689236444978
2026-08-17,2026-08-17,0.5711,0.3411,1.674,10365672823584
2026-08-17,2026-08-17,0.5676,0.3432,1.654,11001242031431
2026-08-17,2026-08-17,0.5647,0.3451,1.636,11485187828882
2026-08-17,2026-08-17,0.5639,0.3457,1.631,11618514322946
2026-08-17,2026-08-17,0.5639,0.3457,1.631,11618514322946
2026-08-17,2026-08-17,0.559,0.349,1.602,12603592760676
2026-08-17,2026-08-17,0.5576,0.3497,1.594,12976595881329
2026-08-18,2026-08-17,0.5556,0.3504,1.586,14169161699050
2026-08-18,2026-08-17,0.5576,0.3486,1.6,14930764095421
2026-08-18,2026-08-17,0.5587,0.3474,1.608,15804790786924
2026-08-18,2026-08-17,0.5584,0.3476,1.606,16118970975610
2026-08-18,2026-08-17,0.5585,0.3475,1.607,16622640272822
2026-08-18,2026-08-17,0.5591,0.347,1.611,17168137982205
2026-08-18,2026-08-17,0.5599,0.3463,1.617,17833765768792
2026-08-18,2026-08-17,0.5602,0.3462,1.618,18482330519206
2026-08-18,2026-08-17,0.5603,0.3463,1.618,18702319823796
2026-08-18,2026-08-17,0.5598,0.3467,1.615,19439185917584
2026-08-18,2026-08-17,0.559,0.3473,1.609,20135821792439
2026-08-18,2026-08-17,0.5582,0.348,1.604,20701150003035
2026-08-18,2026-08-17,0.5577,0.3484,1.6,21182339286041
2026-08-18,2026-08-17,0.557,0.3491,1.596,21860697253962
2026-08-18,2026-08-17,0.5563,0.3497,1.591,22218391770332
2026-08-18,2026-08-17,0.5548,0.3511,1.58,22935275406071
2026-08-18,2026-08-17,0.555,0.351,1.581,22859315076094
2026-08-18,2026-08-17,0.5536,0.3521,1.572,23535341838245
2026-08-18,2026-08-17,0.5536,0.3521,1.572,23535341838245
2026-08-18,2026-08-17,0.5525,0.3529,1.566,24128566212850
2026-08-18,2026-08-17,0.5521,0.3531,1.564,24317396702955
2026-08-18,2026-08-17,0.5521,0.3531,1.564,24317396702955
2026-08-18,2026-08-17,0.5512,0.3536,1.559,24866260010876
2026-08-18,2026-08-17,0.5507,0.3537,1.557,25105065111235
2026-08-18,2026-08-17,0.5504,0.3537,1.556,25402773143397
2026-08-18,2026-08-17,0.5503,0.3537,1.556,25449529195075
2026-08-19,2026-08-17,0.5492,0.3533,1.554,26797712816594
2026-08-19,2026-08-17,0.5495,0.3531,1.556,27106066086300
2026-08-19,2026-08-17,0.5499,0.3529,1.558,27840813093123
2026-08-19,2026-08-17,0.5496,0.3532,1.556,28535385964321
2026-08-19,2026-08-17,0.5496,0.3531,1.556,29121833534864
2026-08-19,2026-08-17,0.5501,0.3525,1.56,29664352360546
2026-08-19,2026-08-17,0.5507,0.352,1.565,30275255948850
2026-08-19,2026-08-17,0.5509,0.3517,1.566,30616727870910
2026-08-19,2026-08-17,0.5509,0.3517,1.567,30836266108579
2026-08-19,2026-08-17,0.5506,0.3519,1.565,31523220370294
2026-08-19,2026-08-17,0.5502,0.3521,1.562,32061996027852
2026-08-19,2026-08-17,0.5497,0.3525,1.559,32718309476454
2026-08-19,2026-08-17,0.5497,0.3526,1.559,32891397183019
2026-08-19,2026-08-17,0.5492,0.353,1.556,33979477322255
2026-08-19,2026-08-17,0.5489,0.3533,1.554,34512444321227
2026-08-19,2026-08-17,0.5489,0.3533,1.554,34512444321227
2026-08-19,2026-08-17,0.5487,0.3535,1.552,34835881556505
2026-08-19,2026-08-17,0.5481,0.354,1.549,35623112005559
2026-08-19,2026-08-17,0.5481,0.354,1.549,35623112005559
2026-08-19,2026-08-17,0.5477,0.3543,1.546,36243245422159
2026-08-19,2026-08-17,0.5477,0.3543,1.546,36243245422159
2026-08-19,2026-08-17,0.5469,0.3548,1.541,36896617323455
2026-08-19,2026-08-17,0.5469,0.3548,1.541,36896617323455
2026-08-19,2026-08-17,0.5459,0.3556,1.535,37507502095945
2026-08-19,2026-08-17,0.5452,0.3561,1.531,37870811563290
2026-08-20,2026-08-17,0.5447,0.3562,1.529,38885509971275
2026-08-20,2026-08-17,0.5449,0.3561,1.53,39020425099836
2026-08-20,2026-08-17,0.546,0.3546,1.54,40248679306724
2026-08-20,2026-08-17,0.5463,0.3543,1.542,40644029269353
2026-08-20,2026-08-17,0.5466,0.354,1.544,41042959900246
2026-08-20,2026-08-17,0.5474,0.3534,1.549,41805702295255
2026-08-20,2026-08-17,0.5474,0.3534,1.549,41817967642272
2026-08-20,2026-08-17,0.5478,0.3531,1.552,42458373042851
2026-08-20,2026-08-17,0.548,0.353,1.553,43272775517364
2026-08-20,2026-08-17,0.5481,0.3529,1.553,43812584003515
2026-08-20,2026-08-17,0.548,0.353,1.552,44308584659357
2026-08-20,2026-08-17,0.5479,0.3532,1.551,44875569101845
2026-08-20,2026-08-17,0.5478,0.3534,1.55,45298538599471
2026-08-20,2026-08-17,0.5477,0.3534,1.55,45517684813423
2026-08-20,2026-08-17,0.5478,0.3534,1.55,46681516184057
2026-08-20,2026-08-17,0.5478,0.3534,1.55,46681516184057
2026-08-20,2026-08-17,0.5478,0.3534,1.55,47277650234499
2026-08-20,2026-08-17,0.5475,0.3535,1.549,48031958838406
2026-08-20,2026-08-17,0.5472,0.3534,1.548,48593135125886
2026-08-20,2026-08-17,0.5468,0.3536,1.547,49159847043694
2026-08-20,2026-08-17,0.5465,0.3537,1.545,49645894501176
2026-08-20,2026-08-17,0.5463,0.3537,1.545,49853963863670
2026-08-21,2026-08-17,0.5458,0.3535,1.544,51053396501078
2026-08-21,2026-08-17,0.5463,0.3526,1.549,51779234677576
2026-08-21,2026-08-17,0.5466,0.3519,1.553,52426420261336
2026-08-21,2026-08-17,0.5465,0.3513,1.556,53035875582009
2026-08-21,2026-08-17,0.5465,0.3509,1.557,53397872186930
2026-08-21,2026-08-17,0.5466,0.3498,1.562,54125370302576
2026-08-21,2026-08-17,0.5466,0.3494,1.564,54456562994238
2026-08-21,2026-08-17,0.5464,0.3483,1.569,55164207844313
2026-08-21,2026-08-17,0.5462,0.3474,1.572,55802225423574
2026-08-21,2026-08-17,0.5456,0.3465,1.575,56524768637560
2026-08-21,2026-08-17,0.5446,0.3457,1.575,57259618916526
2026-08-21,2026-08-17,0.5438,0.3449,1.577,57990570831064
2026-08-21,2026-08-17,0.5434,0.3445,1.577,58357592212458
2026-08-21,2026-08-17,0.5426,0.3437,1.579,59035450424139
2026-08-21,2026-08-17,0.5419,0.343,1.58,59574092923032
2026-08-21,2026-08-17,0.5411,0.3422,1.581,60153583082291
2026-08-21,2026-08-17,0.5399,0.3405,1.585,61191053960831
2026-08-21,2026-08-17,0.5399,0.3405,1.585,61196004128494
2026-08-21,2026-08-17,0.5388,0.3395,1.587,61892975415793
2026-08-21,2026-08-17,0.5387,0.3394,1.587,61977814873768
2026-08-21,2026-08-17,0.5387,0.3394,1.587,61977814873768
2026-08-21,2026-08-17,0.5133,0.3385,1.516,62638794080627
2026-08-21,2026-08-17,0.5133,0.3385,1.516,62638794080627
2026-08-21,2026-08-17,0.5121,0.3375,1.517,63304340889128
2026-08-21,2026-08-17,0.511,0.3369,1.517,63827979711353
2026-08-22,2026-08-17,0.5093,0.3359,1.516,64660340970991
2026-08-22,2026-08-17,0.5077,0.3343,1.519,65540496019179
2026-08-22,2026-08-17,0.5068,0.3334,1.52,66095396029834
2026-08-22,2026-08-17,0.5048,0.3319,1.521,67079690978718
2026-08-22,2026-08-17,0.5035,0.3308,1.522,67781615944598
2026-08-22,2026-08-17,0.5035,0.3308,1.522,67781615944598
2026-08-22,2026-08-17,0.5022,0.3297,1.523,68442721376806
2026-08-22,2026-08-17,0.501,0.3282,1.526,69241103184720
2026-08-22,2026-08-17,0.5001,0.3272,1.528,69881405447424
2026-08-22,2026-08-17,0.5001,0.3272,1.528,69881405447424
2026-08-22,2026-08-17,0.4986,0.3256,1.531,70892396370616
2026-08-22,2026-08-17,0.4978,0.3249,1.532,71354561467741
2026-08-22,2026-08-17,0.4967,0.3239,1.534,72045818249027
2026-08-22,2026-08-17,0.4958,0.3229,1.536,72670173432436
2026-08-22,2026-08-17,0.4951,0.3221,1.537,73181818582635
2026-08-22,2026-08-17,0.4945,0.3215,1.538,73577616874214
2026-08-22,2026-08-17,0.4934,0.3204,1.54,74270378035483
2026-08-22,2026-08-17,0.4916,0.319,1.541,75162316031628
2026-08-22,2026-08-17,0.4901,0.3179,1.542,75944248797256
2026-08-22,2026-08-17,0.4889,0.3172,1.541,76481995995950
2026-08-22,2026-08-17,0.4872,0.3163,1.54,77261643632558
2026-08-22,2026-08-17,0.4857,0.3156,1.539,77901868178736
2026-08-23,2026-08-17,0.4837,0.3144,1.538,78866893445753
2026-08-23,2026-08-17,0.4822,0.3134,1.539,79652989539532
2026-08-23,2026-08-17,0.4804,0.3119,1.54,80802021608191
2026-08-23,2026-08-17,0.4803,0.3119,1.54,80853661364606
2026-08-23,2026-08-17,0.4791,0.3112,1.54,81624435184227
2026-08-23,2026-08-17,0.4784,0.3105,1.541,82194125347040
2026-08-23,2026-08-17,0.4777,0.31,1.541,82639391008346
2026-08-23,2026-08-17,0.4764,0.3089,1.542,83653303665100
2026-08-23,2026-08-17,0.4757,0.3084,1.543,84090757586804
2026-08-23,2026-08-17,0.4757,0.3084,1.543,84090757586804
2026-08-23,2026-08-17,0.4734,0.3068,1.543,85744190262102
2026-08-23,2026-08-17,0.4736,0.307,1.543,85555437565052
2026-08-23,2026-08-17,0.4725,0.3061,1.543,86585599707904
2026-08-23,2026-08-17,0.4716,0.3053,1.545,87481593454446
2026-08-23,2026-08-17,0.4708,0.3045,1.546,88231962721212
2026-08-23,2026-08-17,0.47,0.3038,1.547,88921905434465
2026-08-23,2026-08-17,0.4691,0.3031,1.547,89681815461887
2026-08-23,2026-08-17,0.4691,0.3031,1.547,89657199360698
2026-08-23,2026-08-17,0.4681,0.3025,1.548,90430412280525
2026-08-23,2026-08-17,0.467,0.3017,1.548,91362810722357
2026-08-23,2026-08-17,0.4661,0.3013,1.547,92082205411336
2026-08-23,2026-08-17,0.4652,0.301,1.546,92704773219425
2026-08-24,2026-08-24,0.3665,0.2302,1.592,1104498252839
2026-08-24,2026-08-24,0.3734,0.2207,1.692,1822757166728
2026-08-24,2026-08-24,0.375,0.2184,1.717,2589650515807
2026-08-24,2026-08-24,0.367,0.2212,1.659,3562067851722
2026-08-24,2026-08-24,0.3685,0.2207,1.67,4772296288486
2026-08-24,2026-08-24,0.3741,0.2221,1.684,6022709223242
2026-08-24,2026-08-24,0.3743,0.2221,1.685,6110878894779
2026-08-24,2026-08-24,0.3748,0.2257,1.66,7518265391536
2026-08-24,2026-08-24,0.3748,0.2257,1.66,7518265391536
2026-08-24,2026-08-24,0.3707,0.2302,1.61,9251996145802
2026-08-24,2026-08-24,0.3694,0.2312,1.598,10127078616025
2026-08-24,2026-08-24,0.3694,0.2312,1.598,10127078616025
2026-08-24,2026-08-24,0.3677,0.2325,1.582,11512250995007
2026-08-24,2026-08-24,0.3666,0.2321,1.579,12569920203991
2026-08-24,2026-08-24,0.3658,0.2325,1.573,13298672415687
2026-08-24,2026-08-24,0.3639,0.2337,1.557,14213863681451
2026-08-24,2026-08-24,0.3621,0.2346,1.543,14962712647182
2026-08-24,2026-08-24,0.3622,0.2346,1.544,14914542244729
2026-08-24,2026-08-24,0.3578,0.2372,1.509,16586072676585
2026-08-24,2026-08-24,0.356,0.2393,1.488,17359501246181
2026-08-24,2026-08-24,0.3558,0.2394,1.486,17442730202112
2026-08-25,2026-08-24,0.3523,0.2414,1.46,18914725468583
2026-08-25,2026-08-24,0.3521,0.2416,1.457,19810691995878
2026-08-25,2026-08-24,0.3518,0.2417,1.456,21421923190009
2026-08-25,2026-08-24,0.3502,0.2432,1.44,22113999278947
2026-08-25,2026-08-24,0.3488,0.2442,1.428,23052839998834
2026-08-25,2026-08-24,0.3483,0.245,1.422,24189978253783
2026-08-25,2026-08-24,0.3486,0.2453,1.421,24790147687436
2026-08-25,2026-08-24,0.3494,0.2452,1.425,25670213898746
2026-08-25,2026-08-24,0.3494,0.2452,1.425,25670213898746
2026-08-25,2026-08-24,0.3494,0.2455,1.423,26601080923037
2026-08-25,2026-08-24,0.3488,0.2462,1.417,28496821131915
2026-08-25,2026-08-24,0.3488,0.2461,1.417,28421148066502
2026-08-25,2026-08-24,0.3486,0.2466,1.414,29436636804437
2026-08-25,2026-08-24,0.3492,0.2478,1.409,30483415429614
2026-08-25,2026-08-24,0.3501,0.2494,1.404,31591809788518
2026-08-25,2026-08-24,0.3501,0.2494,1.404,31627143761699
2026-08-25,2026-08-24,0.3494,0.2516,1.388,33303572497437
2026-08-25,2026-08-24,0.3493,0.2518,1.388,33410746110789
2026-08-25,2026-08-24,0.3487,0.2527,1.38,34230533526268
2026-08-25,2026-08-24,0.3483,0.2533,1.375,35043170219889
2026-08-25,2026-08-24,0.3479,0.2538,1.371,36147385226044
2026-08-25,2026-08-24,0.3478,0.2537,1.371,36567722023436
2026-08-26,2026-08-24,0.3475,0.2536,1.37,38073202562046
2026-08-26,2026-08-24,0.3477,0.2529,1.375,39113155493850
2026-08-26,2026-08-24,0.3478,0.2526,1.377,39880091691199
2026-08-26,2026-08-24,0.347,0.2521,1.376,41256364331845
2026-08-26,2026-08-24,0.3467,0.252,1.376,41762077109396
2026-08-26,2026-08-24,0.3465,0.2515,1.377,42549279806482
2026-08-26,2026-08-24,0.3462,0.2506,1.381,43978998140176
2026-08-26,2026-08-24,0.346,0.2504,1.382,44522417280797
2026-08-26,2026-08-24,0.3455,0.2502,1.381,45562078767367
2026-08-26,2026-08-24,0.3452,0.2503,1.379,46106372553815
2026-08-26,2026-08-24,0.3447,0.2504,1.377,47572012585022
2026-08-26,2026-08-24,0.3446,0.2504,1.376,47993310698714
2026-08-26,2026-08-24,0.3474,0.2511,1.384,49091070808992
2026-08-26,2026-08-24,0.3504,0.252,1.39,49771508092726
