date,bull,bull_n,bear,bear_n,crash,crash_n,reg,reg_n,gauge,lead,conf,comp
2026-07-11,45.18,11,16.6,9,8.8,3,20.5,6,27.3,,,1087074,2109881,2255930,2413330,2487206,2698575,2787889,2787890,2787891,2839991,653788,656312,656313,676804,676827,676829,676837,676842,676846,691340
2026-07-12,44.95,11,16.22,9,9.17,3,19.75,6,27.7,30.0,24.3,1087074,2109881,2255930,2413330,2487206,2698575,2787889,2787890,2787891,2839991,653788,656312,656313,676804,676827,676829,676837,676842,676846,691340
2026-07-13,45.36,11,16.78,9,8.35,3,21.0,6,29.0,25.0,34.9,1087074,2109881,2255930,2413330,2487206,2698575,2787889,2787890,2787891,2839991,653788,656312,656313,676804,676827,676829,676837,676842,676846,691340
2026-07-14,46.59,11,23.27,9,8.72,3,30.55,6,27.1,25.6,29.5,1087074,2109881,2255930,2413330,2487206,2698575,2787889,2787890,2787891,2839991,653788,656312,656313,676804,676827,676829,676837,676842,676846,691340
2026-07-15,50.36,11,23.12,9,9.03,3,30.17,6,28.7,28.5,29.2,1087074,2109881,2255930,2413330,2487206,2698575,2787889,2787890,2787891,2839991,653788,656312,656313,676804,676827,676829,676837,676842,676846,691340
2026-07-16,48.77,11,23.28,9,8.85,3,30.5,6,30.1,26.1,36.1,1087074,2109881,2255930,2413330,2487206,2698575,2787889,2787890,2787891,2839991,653788,656312,656313,676804,676827,676829,676837,676842,676846,691340
2026-07-17,46.5,11,20.38,9,8.42,3,26.37,6,40.3,37.3,44.7,1087074,2109881,2255930,2413330,2487206,2698575,2787889,2787890,2787891,2839991,653788,656312,656313,676804,676827,676829,676837,676842,676846,691340
2026-07-18,46.23,11,22.97,9,8.18,3,30.36,6,42.6,37.7,49.9,1087074,2109881,2255930,2413330,2487206,2698575,2787889,2787890,2787891,2839991,653788,656312,656313,676804,676827,676829,676837,676842,676846,691340
2026-07-19,46.0,11,20.13,9,7.7,3,26.34,6,40.1,37.1,44.7,1087074,2109881,2255930,2413330,2487206,2698575,2787889,2787890,2787891,2839991,653788,656312,656313,676804,676827,676829,676837,676842,676846,691340
2026-07-20,44.86,11,19.94,9,7.87,3,25.97,6,36.4,31.9,43.1,1087074,2109881,2255930,2413330,2487206,2698575,2787889,2787890,2787891,2839991,653788,656312,656313,676804,676827,676829,676837,676842,676846,691340
2026-07-21,44.27,11,24.08,9,7.97,3,32.13,6,33.0,31.2,35.6,1087074,2109881,2255930,2413330,2487206,2698575,2787889,2787890,2787891,2839991,653788,656312,656313,676804,676827,676829,676837,676842,676846,691340
2026-07-22,44.95,11,22.84,9,7.98,3,30.27,6,36.1,38.3,32.7,1087074,2109881,2255930,2413330,2487206,2698575,2787889,2787890,2787891,2839991,653788,656312,656313,676804,676827,676829,676837,676842,676846,691340
2026-07-23,44.73,11,22.26,9,8.05,3,29.37,6,38.8,39.0,38.5,1087074,2109881,2255930,2413330,2487206,2698575,2787889,2787890,2787891,2839991,653788,656312,656313,676804,676827,676829,676837,676842,676846,691340
2026-07-24,46.41,11,23.23,9,7.95,3,30.88,6,39.2,37.8,41.2,1087074,2109881,2255930,2413330,2487206,2698575,2787889,2787890,2787891,2839991,653788,656312,656313,676804,676827,676829,676837,676842,676846,691340
2026-07-25,45.68,11,21.19,9,7.95,3,27.82,6,39.1,37.8,41.2,1087074,2109881,2255930,2413330,2487206,2698575,2787889,2787890,2787891,2839991,653788,656312,656313,676804,676827,676829,676837,676842,676846,691340
2026-07-26,45.55,11,19.63,9,7.82,3,25.54,6,38.9,37.4,41.2,1087074,2109881,2255930,2413330,2487206,2698575,2787889,2787890,2787891,2839991,653788,656312,656313,676804,676827,676829,676837,676842,676846,691340
2026-07-27,44.0,11,20.61,9,9.05,3,26.39,6,43.6,42.3,45.5,1087074,2109881,2255930,2413330,2487206,2698575,2787889,2787890,2787891,2839991,653788,656312,656313,676804,676827,676829,676837,676842,676846,691340
2026-07-28,42.32,11,18.88,9,8.58,3,24.02,6,38.9,34.5,45.5,1087074,2109881,2255930,2413330,2487206,2698575,2787889,2787890,2787891,2839991,653788,656312,656313,676804,676827,676829,676837,676842,676846,691340
2026-07-29,41.09,11,19.79,9,11.13,3,24.12,6,43.9,36.0,55.7,1087074,2109881,2255930,2413330,2487206,2698575,2787889,2787890,2787891,2839991,653788,656312,656313,676804,676827,676829,676837,676842,676846,691340
2026-07-30,39.27,11,18.73,9,9.23,3,23.48,6,35.4,32.4,39.9,1087074,2109881,2255930,2413330,2487206,2698575,2787889,2787890,2787891,2839991,653788,656312,656313,676804,676827,676829,676837,676842,676846,691340
2026-07-31,41.14,11,18.66,9,9.23,3,23.38,6,30.7,27.7,35.2,1087074,2109881,2255930,2413330,2487206,2698575,2787889,2787890,2787891,2839991,653788,656312,656313,676804,676827,676829,676837,676842,676846,691340
2026-08-01,39.86,11,20.26,8,10.23,3,26.28,5,31.7,30.0,34.1,1087074,2109881,2255930,2413330,2487206,2787889,2787890,2787891,2839991,653788,656312,656313,676804,676827,676829,676837,676842,676846,691340
2026-08-02,39.82,11,19.81,8,8.98,3,26.3,5,30.4,27.9,34.1,1087074,2109881,2255930,2413330,2487206,2787889,2787890,2787891,2839991,653788,656312,656313,676804,676827,676829,676837,676842,676846,691340
2026-08-03,39.45,11,19.38,8,8.55,3,25.88,5,30.1,28.6,32.2,1087074,2109881,2255930,2413330,2487206,2787889,2787890,2787891,2839991,653788,656312,656313,676804,676827,676829,676837,676842,676846,691340
2026-08-04,40.41,11,19.14,8,8.0,3,25.83,5,24.9,24.3,25.8,1087074,2109881,2255930,2413330,2487206,2787889,2787890,2787891,2839991,653788,656312,656313,676804,676827,676829,676837,676842,676846,691340
2026-08-05,40.23,11,18.44,8,7.07,3,25.27,5,20.6,17.7,24.9,1087074,2109881,2255930,2413330,2487206,2787889,2787890,2787891,2839991,653788,656312,656313,676804,676827,676829,676837,676842,676846,691340
2026-08-06,39.95,11,18.64,8,7.65,3,25.24,5,21.3,20.0,23.3,1087074,2109881,2255930,2413330,2487206,2787889,2787890,2787891,2839991,653788,656312,656313,676804,676827,676829,676837,676842,676846,691340
2026-08-07,38.36,11,19.02,8,7.33,3,26.04,5,21.0,21.1,20.9,1087074,2109881,2255930,2413330,2487206,2787889,2787890,2787891,2839991,653788,656312,656313,676804,676827,676829,676837,676842,676846,691340
2026-08-08,38.32,11,19.53,8,7.42,3,26.8,5,21.2,21.5,20.9,1087074,2109881,2255930,2413330,2487206,2787889,2787890,2787891,2839991,653788,656312,656313,676804,676827,676829,676837,676842,676846,691340
